AMS1117	1	GND	GND	gge18
AMS1117	2	VOUT	VDD_ESP	gge18
AMS1117	3	VIN	V_3V3_IN	gge18
AMS1117	4	VOUT	VDD_ESP	gge18
C_3V3_B	1	1	VDD_ESP	gge35
C_3V3_B	2	2	GND	gge35
C_3V3_B2	1	1	VDD_ESP	gge39
C_3V3_B2	2	2	GND	gge39
C_3V3_H	1	1	VDD_ESP	gge36
C_3V3_H	2	2	GND	gge36
C_3V3_H2	1	1	VDD_ESP	gge41
C_3V3_H2	2	2	GND	gge41
C_3V3_IN	1	1	V_3V3_IN	gge19
C_3V3_IN	2	2	GND	gge19
C_3V3_M	1	1	VDD_ESP	gge40
C_3V3_M	2	2	GND	gge40
C_3V3_OUT	1	1	VDD_ESP	gge20
C_3V3_OUT	2	2	GND	gge20
C_AVDD1_100n	1	1	AVDD	gge135
C_AVDD1_100n	2	2	AVSS	gge135
C_AVDD1_10n	1	1	AVDD	gge136
C_AVDD1_10n	2	2	AVSS	gge136
C_AVDD1_10u	1	1	AVDD	gge133
C_AVDD1_10u	2	2	AVSS	gge133
C_AVDD1_1u	1	1	AVDD	gge134
C_AVDD1_1u	2	2	AVSS	gge134
C_AVDD_B	1	1	AVDD	gge28
C_AVDD_B	2	2	GND	gge28
C_AVDD_H	1	1	AVDD	gge29
C_AVDD_H	2	2	GND	gge29
C_AVDD_P19	1	1	AVDD	gge138
C_AVDD_P19	2	2	GND	gge138
C_AVDD_P3	1	1	AVDD	gge137
C_AVDD_P3	2	2	GND	gge137
C_AVDD_P31	1	1	AVDD	gge139
C_AVDD_P31	2	2	GND	gge139
C_AVDD_P36	1	1	AVDD	gge140
C_AVDD_P36	2	2	GND	gge140
C_AVDD_P59	1	1	AVDD	gge141
C_AVDD_P59	2	2	GND	gge141
C_AVDD_P64	1	1	AVDD	gge142
C_AVDD_P64	2	2	GND	gge142
C_AVSS_B	1	1	AVSS	gge33
C_AVSS_B	2	2	GND	gge33
C_AVSS_H	1	1	AVSS	gge34
C_AVSS_H	2	2	GND	gge34
C_AVSS_P17	1	1	AVSS	gge143
C_AVSS_P17	2	2	GND	gge143
C_AVSS_P30	1	1	AVSS	gge144
C_AVSS_P30	2	2	GND	gge144
C_AVSS_P37	1	1	AVSS	gge145
C_AVSS_P37	2	2	GND	gge145
C_AVSS_P60	1	1	AVSS	gge146
C_AVSS_P60	2	2	GND	gge146
C_BIAS_INV	1	1	BIAS_INV	gge164
C_BIAS_INV	2	2	GND	gge164
C_BULK	1	1	USB_5V	gge4
C_BULK	2	2	GND	gge4
C_CM1N	1	1	IN1N	gge94
C_CM1N	2	2	GND	gge94
C_CM1P	1	1	IN1P	gge93
C_CM1P	2	2	GND	gge93
C_CM2N	1	1	IN2N	gge99
C_CM2N	2	2	GND	gge99
C_CM2P	1	1	IN2P	gge98
C_CM2P	2	2	GND	gge98
C_CM3N	1	1	IN3N	gge104
C_CM3N	2	2	GND	gge104
C_CM3P	1	1	IN3P	gge103
C_CM3P	2	2	GND	gge103
C_CM4N	1	1	IN4N	gge109
C_CM4N	2	2	GND	gge109
C_CM4P	1	1	IN4P	gge108
C_CM4P	2	2	GND	gge108
C_CM5N	1	1	IN5N	gge114
C_CM5N	2	2	GND	gge114
C_CM5P	1	1	IN5P	gge113
C_CM5P	2	2	GND	gge113
C_CM6N	1	1	IN6N	gge119
C_CM6N	2	2	GND	gge119
C_CM6P	1	1	IN6P	gge118
C_CM6P	2	2	GND	gge118
C_CM7N	1	1	IN7N	gge124
C_CM7N	2	2	GND	gge124
C_CM7P	1	1	IN7P	gge123
C_CM7P	2	2	GND	gge123
C_CM8N	1	1	IN8N	gge129
C_CM8N	2	2	GND	gge129
C_CM8P	1	1	IN8P	gge128
C_CM8P	2	2	GND	gge128
C_DIF1	1	1	IN1P	gge92
C_DIF1	2	2	IN1N	gge92
C_DIF2	1	1	IN2P	gge97
C_DIF2	2	2	IN2N	gge97
C_DIF3	1	1	IN3P	gge102
C_DIF3	2	2	IN3N	gge102
C_DIF4	1	1	IN4P	gge107
C_DIF4	2	2	IN4N	gge107
C_DIF5	1	1	IN5P	gge112
C_DIF5	2	2	IN5N	gge112
C_DIF6	1	1	IN6P	gge117
C_DIF6	2	2	IN6N	gge117
C_DIF7	1	1	IN7P	gge122
C_DIF7	2	2	IN7N	gge122
C_DIF8	1	1	IN8P	gge127
C_DIF8	2	2	IN8N	gge127
C_DVDD_10u	1	1	DVDD	gge147
C_DVDD_10u	2	2	GND	gge147
C_DVDD_B	1	1	DVDD	gge31
C_DVDD_B	2	2	GND	gge31
C_DVDD_H	1	1	DVDD	gge32
C_DVDD_H	2	2	GND	gge32
C_DVDD_P40	1	1	DVDD	gge148
C_DVDD_P40	2	2	GND	gge148
C_DVDD_P58	1	1	DVDD	gge149
C_DVDD_P58	2	2	GND	gge149
C_EN_DLY	1	1	ESP_EN	gge45
C_EN_DLY	2	2	GND	gge45
C_HF	1	1	USB_5V	gge5
C_HF	2	2	GND	gge5
C_LM_FLY	1	1	LM_CAP_P	gge13
C_LM_FLY	2	2	LM_CAP_N	gge13
C_LM_IN	1	1	V5_LM_IN	gge12
C_LM_IN	2	2	GND	gge12
C_LM_OUT	1	1	VNEG5	gge14
C_LM_OUT	2	2	GND	gge14
C_NLDO_IN	1	1	V_NLDO_IN	gge23
C_NLDO_IN	2	2	GND	gge23
C_NLDO_OUT	1	1	GND	gge24
C_NLDO_OUT	2	2	AVSS	gge24
C_NR	1	1	TPS_NR	gge25
C_NR	2	2	GND	gge25
C_PLDO_IN	1	1	V_PLDO_IN	gge16
C_PLDO_IN	2	2	GND	gge16
C_PLDO_OUT	1	1	GND	gge17
C_PLDO_OUT	2	2	AVDD	gge17
C_RST_DLY	1	1	ADS_RESET_N	gge158
C_RST_DLY	2	2	GND	gge158
C_USB5V_B	1	1	USB_5V	gge26
C_USB5V_B	2	2	GND	gge26
C_USB5V_H	1	1	USB_5V	gge27
C_USB5V_H	2	2	GND	gge27
C_USB_V3	1	1	CH340_V3	gge43
C_USB_V3	2	2	GND	gge43
C_USB_VCC	1	1	USB_5V	gge42
C_USB_VCC	2	2	GND	gge42
C_VCAP1	1	1	VCAP1	gge153
C_VCAP1	2	2	AVSS	gge153
C_VCAP1_H	1	1	VCAP1	gge169
C_VCAP1_H	2	2	AVSS	gge169
C_VCAP2	1	1	VCAP2	gge166
C_VCAP2	2	2	AVSS	gge166
C_VCAP3	1	1	VCAP3	gge167
C_VCAP3	2	2	AVSS	gge167
C_VCAP3_H	1	1	VCAP3	gge168
C_VCAP3_H	2	2	AVSS	gge168
C_VCAP4	1	1	VCAP4	gge154
C_VCAP4	2	2	AVSS	gge154
C_VREFP_100n	1	1	VREFP	gge151
C_VREFP_100n	2	2	AVSS	gge151
C_VREFP_10n	1	1	VREFP	gge152
C_VREFP_10n	2	2	AVSS	gge152
C_VREFP_10u	1	1	VREFP	gge150
C_VREFP_10u	2	2	AVSS	gge150
D_ESD	1	1	USB_DP	gge2
D_ESD	2	2	GND	gge2
D_ESD	3	3	USB_DM	gge2
D_ESD	4	4	USB_DM	gge2
D_ESD	5	5	USB_VBUS_RAW	gge2
D_ESD	6	6	USB_DP	gge2
D_LED	1	C	GND	gge54
D_LED	2	A	LED_A	gge54
F1	1	1	USB_VBUS_RAW	gge3
F1	2	2	USB_5V	gge3
FB1	1	1	USB_5V	gge8
FB1	2	2	V5_LM_IN	gge8
FB2	1	1	USB_5V	gge9
FB2	2	2	V_PLDO_IN	gge9
FB3	1	1	USB_5V	gge10
FB3	2	2	V_3V3_IN	gge10
FB4	1	1	VNEG5	gge21
FB4	2	2	V_NLDO_IN	gge21
FB5	1	1	VDD_ESP	gge30
FB5	2	2	DVDD	gge30
J1	1	GND	GND	gge1
J1	10	CC2	USB_CC2	gge1
J1	11	VBUS	USB_VBUS_RAW	gge1
J1	12	GND	GND	gge1
J1	13	SHELL	CHASSIS_GND	gge1
J1	14	SHELL	CHASSIS_GND	gge1
J1	2	VBUS	USB_VBUS_RAW	gge1
J1	3	SBU2	NC	gge1
J1	4	CC1	USB_CC1	gge1
J1	5	DN2	USB_DM	gge1
J1	6	DP1	USB_DP	gge1
J1	7	DN1	USB_DM	gge1
J1	8	DP2	USB_DP	gge1
J1	9	SBU1	NC	gge1
J2	1	1	FP1_ELEC	gge89
J2	10	10	A2_ELEC	gge89
J2	11	11	A1_ELEC	gge89
J2	12	12	CHASSIS_GND	gge89
J2	2	2	FP2_ELEC	gge89
J2	3	3	CH3_ELEC	gge89
J2	4	4	ECGP_ELEC	gge89
J2	5	5	ECGN_ELEC	gge89
J2	6	6	CH5_ELEC	gge89
J2	7	7	CH6_ELEC	gge89
J2	8	8	CH7_ELEC	gge89
J2	9	9	CH8_ELEC	gge89
LM2664	1	GND	GND	gge11
LM2664	2	OUT	VNEG5	gge11
LM2664	3	C1-	LM_CAP_N	gge11
LM2664	4	SD	V5_LM_IN	gge11
LM2664	5	V+	V5_LM_IN	gge11
LM2664	6	C1+	LM_CAP_P	gge11
Q_EN	1	B	Q_EN_B	gge49
Q_EN	2	E	CH_RTS_N	gge49
Q_EN	3	C	ESP_EN	gge49
Q_IO0	1	B	Q_IO0_B	gge51
Q_IO0	2	E	CH_DTR_N	gge51
Q_IO0	3	C	ESP_IO0	gge51
R_BIAS_FB	1	1	BIAS_INV	gge165
R_BIAS_FB	2	2	BIAS_OUT_INT	gge165
R_BIAS_SER	1	1	BIAS_OUT_INT	gge130
R_BIAS_SER	2	2	A1_ELEC	gge130
R_CC1	1	1	USB_CC1	gge6
R_CC1	2	2	GND	gge6
R_CC2	1	1	USB_CC2	gge7
R_CC2	2	2	GND	gge7
R_CS_UP	1	1	ADS_CS_N	gge155
R_CS_UP	2	2	DVDD	gge155
R_DRDY_UP	1	1	ADS_DRDY_N	gge159
R_DRDY_UP	2	2	DVDD	gge159
R_EN_UP	1	1	VDD_ESP	gge44
R_EN_UP	2	2	ESP_EN	gge44
R_IN1N	1	1	SRB1	gge91
R_IN1N	2	2	IN1N	gge91
R_IN1P	1	1	FP1_ELEC	gge90
R_IN1P	2	2	IN1P	gge90
R_IN2N	1	1	SRB1	gge96
R_IN2N	2	2	IN2N	gge96
R_IN2P	1	1	FP2_ELEC	gge95
R_IN2P	2	2	IN2P	gge95
R_IN3N	1	1	SRB1	gge101
R_IN3N	2	2	IN3N	gge101
R_IN3P	1	1	CH3_ELEC	gge100
R_IN3P	2	2	IN3P	gge100
R_IN4N	1	1	ECGN_ELEC	gge106
R_IN4N	2	2	IN4N	gge106
R_IN4P	1	1	ECGP_ELEC	gge105
R_IN4P	2	2	IN4P	gge105
R_IN5N	1	1	SRB1	gge111
R_IN5N	2	2	IN5N	gge111
R_IN5P	1	1	CH5_ELEC	gge110
R_IN5P	2	2	IN5P	gge110
R_IN6N	1	1	SRB1	gge116
R_IN6N	2	2	IN6N	gge116
R_IN6P	1	1	CH6_ELEC	gge115
R_IN6P	2	2	IN6P	gge115
R_IN7N	1	1	SRB1	gge121
R_IN7N	2	2	IN7N	gge121
R_IN7P	1	1	CH7_ELEC	gge120
R_IN7P	2	2	IN7P	gge120
R_IN8N	1	1	SRB1	gge126
R_IN8N	2	2	IN8N	gge126
R_IN8P	1	1	CH8_ELEC	gge125
R_IN8P	2	2	IN8P	gge125
R_IO0_UP	1	1	VDD_ESP	gge46
R_IO0_UP	2	2	ESP_IO0	gge46
R_IO15_DN	1	1	ESP_IO15	gge47
R_IO15_DN	2	2	GND	gge47
R_IO2_DN	1	1	ESP_IO2	gge48
R_IO2_DN	2	2	GND	gge48
R_LED	1	1	STATUS_LED_DRV	gge53
R_LED	2	2	LED_A	gge53
R_MISO	1	1	ADS_DOUT_LOC	gge163
R_MISO	2	2	SPI_MISO	gge163
R_MOSI	1	1	ADS_DIN_LOC	gge162
R_MOSI	2	2	SPI_MOSI	gge162
R_PWDN_UP	1	1	ADS_PWDN_N	gge156
R_PWDN_UP	2	2	DVDD	gge156
R_Q_EN_B	1	1	CH_DTR_N	gge50
R_Q_EN_B	2	2	Q_EN_B	gge50
R_Q_IO0_B	1	1	CH_RTS_N	gge52
R_Q_IO0_B	2	2	Q_IO0_B	gge52
R_RST_UP	1	1	ADS_RESET_N	gge157
R_RST_UP	2	2	DVDD	gge157
R_SCLK	1	1	ADS_SCLK_LOC	gge161
R_SCLK	2	2	SPI_SCK	gge161
R_SRB_SER	1	1	SRB1	gge131
R_SRB_SER	2	2	A2_ELEC	gge131
R_START_DN	1	1	ADS_START	gge160
R_START_DN	2	2	GND	gge160
TLV70025	1	IN	V_PLDO_IN	gge15
TLV70025	2	GND	GND	gge15
TLV70025	3	EN	V_PLDO_IN	gge15
TLV70025	4	NC	NC	gge15
TLV70025	5	OUT	AVDD	gge15
TPS72325	1	GND	GND	gge22
TPS72325	2	IN	V_NLDO_IN	gge22
TPS72325	3	EN	V_NLDO_IN	gge22
TPS72325	4	NR/FB	TPS_NR	gge22
TPS72325	5	OUT	AVSS	gge22
U_ADS	1	IN8N	IN8N	gge132
U_ADS	10	IN4P	IN4P	gge132
U_ADS	11	IN3N	IN3N	gge132
U_ADS	12	IN3P	IN3P	gge132
U_ADS	13	IN2N	IN2N	gge132
U_ADS	14	IN2P	IN2P	gge132
U_ADS	15	IN1N	IN1N	gge132
U_ADS	16	IN1P	IN1P	gge132
U_ADS	17	SRB1	SRB1	gge132
U_ADS	18	SRB2	SRB1	gge132
U_ADS	19	AVDD	AVDD	gge132
U_ADS	2	IN8P	IN8P	gge132
U_ADS	20	AVSS	AVSS	gge132
U_ADS	21	AVDD	AVDD	gge132
U_ADS	22	AVDD	AVDD	gge132
U_ADS	23	AVSS	AVSS	gge132
U_ADS	24	VREFP	VREFP	gge132
U_ADS	25	VREFN	AVSS	gge132
U_ADS	26	VCAP4	VCAP4	gge132
U_ADS	27	NC	NC	gge132
U_ADS	28	VCAP1	VCAP1	gge132
U_ADS	29	NC	NC	gge132
U_ADS	3	IN7N	IN7N	gge132
U_ADS	30	VCAP2	VCAP2	gge132
U_ADS	31	RESV1	GND	gge132
U_ADS	32	AVSS	AVSS	gge132
U_ADS	33	DGND	GND	gge132
U_ADS	34	DIN	ADS_DIN_LOC	gge132
U_ADS	35	PWDN#	ADS_PWDN_N	gge132
U_ADS	36	RESET#	ADS_RESET_N	gge132
U_ADS	37	CLK	NC	gge132
U_ADS	38	START	ADS_START	gge132
U_ADS	39	CS#	ADS_CS_N	gge132
U_ADS	4	IN7P	IN7P	gge132
U_ADS	40	SCLK	ADS_SCLK_LOC	gge132
U_ADS	41	DAISY_IN	GND	gge132
U_ADS	42	GPIO1	GND	gge132
U_ADS	43	DOUT	ADS_DOUT_LOC	gge132
U_ADS	44	GPIO2	GND	gge132
U_ADS	45	GPIO3	GND	gge132
U_ADS	46	GPIO4	GND	gge132
U_ADS	47	DRDY#	ADS_DRDY_N	gge132
U_ADS	48	DVDD	DVDD	gge132
U_ADS	49	DGND	GND	gge132
U_ADS	5	IN6N	IN6N	gge132
U_ADS	50	DVDD	DVDD	gge132
U_ADS	51	DGND	GND	gge132
U_ADS	52	CLKSEL	DVDD	gge132
U_ADS	53	AVSS1	AVSS	gge132
U_ADS	54	AVDD1	AVDD	gge132
U_ADS	55	VCAP3	VCAP3	gge132
U_ADS	56	AVDD	AVDD	gge132
U_ADS	57	AVSS	AVSS	gge132
U_ADS	58	AVSS	AVSS	gge132
U_ADS	59	AVDD	AVDD	gge132
U_ADS	6	IN6P	IN6P	gge132
U_ADS	60	BIASREF	NC	gge132
U_ADS	61	BIASINV	BIAS_INV	gge132
U_ADS	62	BIASIN	NC	gge132
U_ADS	63	BIASOUT	BIAS_OUT_INT	gge132
U_ADS	64	RESERVED	NC	gge132
U_ADS	7	IN5N	IN5N	gge132
U_ADS	8	IN5P	IN5P	gge132
U_ADS	9	IN4N	IN4N	gge132
U_MCU	1	GND	GND	gge37
U_MCU	10	IO25	NC	gge37
U_MCU	11	IO26	NC	gge37
U_MCU	12	IO27	ADS_DRDY_N	gge37
U_MCU	13	IO14	ADS_START	gge37
U_MCU	14	IO12	ADS_RESET_N	gge37
U_MCU	15	GND	GND	gge37
U_MCU	16	IO13	ADS_PWDN_N	gge37
U_MCU	17	NC	NC	gge37
U_MCU	18	NC	NC	gge37
U_MCU	19	NC	NC	gge37
U_MCU	2	3V3	VDD_ESP	gge37
U_MCU	20	NC	NC	gge37
U_MCU	21	NC	NC	gge37
U_MCU	22	NC	NC	gge37
U_MCU	23	IO15	ESP_IO15	gge37
U_MCU	24	IO2	ESP_IO2	gge37
U_MCU	25	IO0	ESP_IO0	gge37
U_MCU	26	IO4	NC	gge37
U_MCU	27	IO16	NC	gge37
U_MCU	28	IO17	STATUS_LED_DRV	gge37
U_MCU	29	IO5	ADS_CS_N	gge37
U_MCU	3	EN	ESP_EN	gge37
U_MCU	30	IO18	SPI_SCK	gge37
U_MCU	31	IO19	SPI_MISO	gge37
U_MCU	32	NC	NC	gge37
U_MCU	33	IO21	NC	gge37
U_MCU	34	RXD0	ESP_RXD	gge37
U_MCU	35	TXD0	ESP_TXD	gge37
U_MCU	36	IO22	NC	gge37
U_MCU	37	IO23	SPI_MOSI	gge37
U_MCU	38	GND	GND	gge37
U_MCU	39	GND	GND	gge37
U_MCU	4	SENSOR_VP	NC	gge37
U_MCU	5	SENSOR_VN	NC	gge37
U_MCU	6	IO34	NC	gge37
U_MCU	7	IO35	NC	gge37
U_MCU	8	IO32	NC	gge37
U_MCU	9	IO33	NC	gge37
U_USB	1	GND	GND	gge38
U_USB	10	DSR#	NC	gge38
U_USB	11	RI#	NC	gge38
U_USB	12	DCD#	NC	gge38
U_USB	13	DTR#	CH_DTR_N	gge38
U_USB	14	RTS#	CH_RTS_N	gge38
U_USB	15	R232	GND	gge38
U_USB	16	VCC	USB_5V	gge38
U_USB	2	TXD	ESP_RXD	gge38
U_USB	3	RXD	ESP_TXD	gge38
U_USB	4	V3	CH340_V3	gge38
U_USB	5	D+	USB_DP	gge38
U_USB	6	D-	USB_DM	gge38
U_USB	7	NC.	NC	gge38
U_USB	8	OUT#	NC	gge38
U_USB	9	CTS#	NC	gge38
