designator,value,mpn,lcsc,package,easyeda_footprint,kicad_footprint,eco,source,dnp,fix
AMS1117,AMS1117-3.3,AMS1117-3.3,C6186,SOT-223,SOT-223-3_L6.5-W3.4-P2.30-LS7.0-BR,,,fab_2026-08-16 BOM,,
C_3V3_B,10uF,CL10A106KP8NNNC,C19702,0603,C0603,,ECO-2#10,fab_2026-08-16 BOM,,
C_3V3_B2,10uF,CL10A106KP8NNNC,C19702,0603,C0603,,ECO-2#10,fab_2026-08-16 BOM,,
C_3V3_H,100nF,CL05B104KO5NNNC,C1525,0402,C0402,,,fab_2026-08-16 BOM,,
C_3V3_H2,100nF,CL05B104KO5NNNC,C1525,0402,C0402,,,fab_2026-08-16 BOM,,
C_3V3_IN,1uF,CL05A105KA5NQNC,C52923,0402,C0402,,,fab_2026-08-16 BOM,,
C_3V3_M,1uF,CL05A105KA5NQNC,C52923,0402,C0402,,,fab_2026-08-16 BOM,,
C_3V3_OUT,10uF,CL10A106KP8NNNC,C19702,0603,C0603,,ECO-2#10,fab_2026-08-16 BOM,,
C_AVDD1_100n,100nF,CL05B104KO5NNNC,C1525,0402,C0402,,,fab_2026-08-16 BOM,,
C_AVDD1_10n,10nF 50V X7R 0402,CL05B103KB5NNNC,C15195,0402,C0402,,,fab_2026-08-16 BOM,,bom-verify
C_AVDD1_10u,10uF,CL10A106KP8NNNC,C19702,0603,C0603,,ECO-2#10,fab_2026-08-16 BOM,,
C_AVDD1_1u,1uF,CL05A105KA5NQNC,C52923,0402,C0402,,,fab_2026-08-16 BOM,,
C_AVDD_B,10uF,CL10A106KP8NNNC,C19702,0603,C0603,,ECO-2#10,fab_2026-08-16 BOM,,
C_AVDD_H,100nF,CL05B104KO5NNNC,C1525,0402,C0402,,,fab_2026-08-16 BOM,,
C_AVDD_P19,100nF,CL05B104KO5NNNC,C1525,0402,C0402,,,fab_2026-08-16 BOM,,
C_AVDD_P3,100nF,CL05B104KO5NNNC,C1525,0402,C0402,,,fab_2026-08-16 BOM,,
C_AVDD_P31,100nF,CL05B104KO5NNNC,C1525,0402,C0402,,,fab_2026-08-16 BOM,,
C_AVDD_P36,100nF,CL05B104KO5NNNC,C1525,0402,C0402,,,fab_2026-08-16 BOM,,
C_AVDD_P59,1uF,CL05A105KA5NQNC,C52923,0402,C0402,,,fab_2026-08-16 BOM,,R29-4
C_AVDD_P64,100nF,CL05B104KO5NNNC,C1525,0402,C0402,,,fab_2026-08-16 BOM,,
C_AVSS_B,10uF,CL10A106KP8NNNC,C19702,0603,C0603,,ECO-2#10,fab_2026-08-16 BOM,,
C_AVSS_H,100nF,CL05B104KO5NNNC,C1525,0402,C0402,,,fab_2026-08-16 BOM,,
C_AVSS_P17,100nF,CL05B104KO5NNNC,C1525,0402,C0402,,,fab_2026-08-16 BOM,,
C_AVSS_P30,100nF,CL05B104KO5NNNC,C1525,0402,C0402,,,fab_2026-08-16 BOM,,
C_AVSS_P37,100nF,CL05B104KO5NNNC,C1525,0402,C0402,,,fab_2026-08-16 BOM,,
C_AVSS_P60,100nF,CL05B104KO5NNNC,C1525,0402,C0402,,,fab_2026-08-16 BOM,,
C_BIAS_INV,1.5nF 50V X7R 0402,CL05B152KB5NNNC,C23967,0402,C0402,,,fab_2026-08-16 BOM,,ECO-5
C_BULK,10uF,CL10A106KP8NNNC,C19702,0603,C0603,,ECO-2#10,fab_2026-08-16 BOM,,
C_CM1N,1nF 50V C0G 0603,CL10C102JB8NNNC,C163508,0603,C0603,,,fab_2026-08-16 BOM,,R29-1
C_CM1P,1nF 50V C0G 0603,CL10C102JB8NNNC,C163508,0603,C0603,,,fab_2026-08-16 BOM,,R29-1
C_CM2N,1nF 50V C0G 0603,CL10C102JB8NNNC,C163508,0603,C0603,,,fab_2026-08-16 BOM,,R29-1
C_CM2P,1nF 50V C0G 0603,CL10C102JB8NNNC,C163508,0603,C0603,,,fab_2026-08-16 BOM,,R29-1
C_CM3N,1nF 50V C0G 0603,CL10C102JB8NNNC,C163508,0603,C0603,,,fab_2026-08-16 BOM,,R29-1
C_CM3P,1nF 50V C0G 0603,CL10C102JB8NNNC,C163508,0603,C0603,,,fab_2026-08-16 BOM,,R29-1
C_CM4N,1nF 50V C0G 0603,CL10C102JB8NNNC,C163508,0603,C0603,,,fab_2026-08-16 BOM,,R29-1
C_CM4P,1nF 50V C0G 0603,CL10C102JB8NNNC,C163508,0603,C0603,,,fab_2026-08-16 BOM,,R29-1
C_CM5N,1nF 50V C0G 0603,CL10C102JB8NNNC,C163508,0603,C0603,,,fab_2026-08-16 BOM,,R29-1
C_CM5P,1nF 50V C0G 0603,CL10C102JB8NNNC,C163508,0603,C0603,,,fab_2026-08-16 BOM,,R29-1
C_CM6N,1nF 50V C0G 0603,CL10C102JB8NNNC,C163508,0603,C0603,,,fab_2026-08-16 BOM,,R29-1
C_CM6P,1nF 50V C0G 0603,CL10C102JB8NNNC,C163508,0603,C0603,,,fab_2026-08-16 BOM,,R29-1
C_CM7N,1nF 50V C0G 0603,CL10C102JB8NNNC,C163508,0603,C0603,,,fab_2026-08-16 BOM,,R29-1
C_CM7P,1nF 50V C0G 0603,CL10C102JB8NNNC,C163508,0603,C0603,,,fab_2026-08-16 BOM,,R29-1
C_CM8N,1nF 50V C0G 0603,CL10C102JB8NNNC,C163508,0603,C0603,,,fab_2026-08-16 BOM,,R29-1
C_CM8P,1nF 50V C0G 0603,CL10C102JB8NNNC,C163508,0603,C0603,,,fab_2026-08-16 BOM,,R29-1
C_DIF1,10nF_NP0_50V,0805N103J500CT,C237168,0805,C0805,,ECO-2#6,fab_2026-08-16 BOM,,
C_DIF2,10nF_NP0_50V,0805N103J500CT,C237168,0805,C0805,,ECO-2#6,fab_2026-08-16 BOM,,
C_DIF3,10nF_NP0_50V,0805N103J500CT,C237168,0805,C0805,,ECO-2#6,fab_2026-08-16 BOM,,
C_DIF4,10nF_NP0_50V,0805N103J500CT,C237168,0805,C0805,,ECO-2#6,fab_2026-08-16 BOM,,
C_DIF5,10nF_NP0_50V,0805N103J500CT,C237168,0805,C0805,,ECO-2#6,fab_2026-08-16 BOM,,
C_DIF6,10nF_NP0_50V,0805N103J500CT,C237168,0805,C0805,,ECO-2#6,fab_2026-08-16 BOM,,
C_DIF7,10nF_NP0_50V,0805N103J500CT,C237168,0805,C0805,,ECO-2#6,fab_2026-08-16 BOM,,
C_DIF8,10nF_NP0_50V,0805N103J500CT,C237168,0805,C0805,,ECO-2#6,fab_2026-08-16 BOM,,
C_DVDD_10u,10uF,CL10A106KP8NNNC,C19702,0603,C0603,,ECO-2#10,fab_2026-08-16 BOM,,
C_DVDD_B,10uF,CL10A106KP8NNNC,C19702,0603,C0603,,ECO-2#10,fab_2026-08-16 BOM,,
C_DVDD_H,100nF,CL05B104KO5NNNC,C1525,0402,C0402,,,fab_2026-08-16 BOM,,
C_DVDD_P40,100nF,CL05B104KO5NNNC,C1525,0402,C0402,,,fab_2026-08-16 BOM,,
C_DVDD_P58,100nF,CL05B104KO5NNNC,C1525,0402,C0402,,,fab_2026-08-16 BOM,,
C_EN_DLY,1uF 0402,CL05A105KA5NQNC,C52923,0402,C0402,,,fab_2026-08-16 BOM,,B2
C_HF,100nF,CL05B104KO5NNNC,C1525,0402,C0402,,,fab_2026-08-16 BOM,,
C_LM_FLY,10uF,CL10A106KP8NNNC,C19702,0603,C0603,,ECO-2#10,fab_2026-08-16 BOM,,
C_LM_IN,4.7uF 10V X5R 0402,CL05A475MP5NRNC,C23733,0402,C0402,,,fab_2026-08-16 BOM,,R29-3
C_LM_OUT,10uF,CL10A106KP8NNNC,C19702,0603,C0603,,ECO-2#10,fab_2026-08-16 BOM,,
C_NLDO_IN,1uF,CL05A105KA5NQNC,C52923,0402,C0402,,,fab_2026-08-16 BOM,,
C_NLDO_OUT,4.7uF 10V X5R 0402,CL05A475MP5NRNC,C23733,0402,C0402,,ECO-2#8,fab_2026-08-16 BOM,,R29-2
C_NR,10nF,CL05B103KB5NNNC,C15195,0402,C0402,,ECO-2#7,fab_2026-08-16 BOM,,
C_PLDO_IN,1uF,CL05A105KA5NQNC,C52923,0402,C0402,,,fab_2026-08-16 BOM,,
C_PLDO_OUT,1uF,CL05A105KA5NQNC,C52923,0402,C0402,,,fab_2026-08-16 BOM,,
C_RST_DLY,100nF,CL05B104KO5NNNC,C1525,0402,C0402,,,fab_2026-08-16 BOM,,
C_USB5V_B,10uF,CL10A106KP8NNNC,C19702,0603,C0603,,ECO-2#10,fab_2026-08-16 BOM,,
C_USB5V_H,100nF,CL05B104KO5NNNC,C1525,0402,C0402,,,fab_2026-08-16 BOM,,
C_USB_V3,100nF,CL05B104KO5NNNC,C1525,0402,C0402,,,fab_2026-08-16 BOM,,
C_USB_VCC,100nF,CL05B104KO5NNNC,C1525,0402,C0402,,,fab_2026-08-16 BOM,,
C_VCAP1,100uF,CL31A107MQHNNNE,C15008,1206,C0603,Capacitor_SMD:C_1206_3216Metric,ECO-3#11,fab_2026-08-16 BOM,,R29-5
C_VCAP1_H,100nF,CL05B104KO5NNNC,C1525,0402,,ProPrj_The-easyedapro:C0402,ECO-3#11,ECO-1 (new part),,
C_VCAP2,1uF,CL05A105KA5NQNC,C52923,0402,,ProPrj_The-easyedapro:C0402,ECO-1#4,ECO-1 (new part),,
C_VCAP3,1uF,CL05A105KA5NQNC,C52923,0402,,ProPrj_The-easyedapro:C0402,ECO-1#5,ECO-1 (new part),,
C_VCAP3_H,100nF,CL05B104KO5NNNC,C1525,0402,,ProPrj_The-easyedapro:C0402,ECO-1#5,ECO-1 (new part),,
C_VCAP4,1uF,CL05A105KA5NQNC,C52923,0402,C0402,,,fab_2026-08-16 BOM,,
C_VREFP_100n,100nF,CL05B104KO5NNNC,C1525,0402,C0402,,,fab_2026-08-16 BOM,,
C_VREFP_10n,10nF 50V X7R 0402,CL05B103KB5NNNC,C15195,0402,C0402,,,fab_2026-08-16 BOM,,bom-verify
C_VREFP_10u,10uF 50V X5R 1206,CL31A106KBHNNNE,C13585,1206,C0603,Capacitor_SMD:C_1206_3216Metric,ECO-3#12,fab_2026-08-16 BOM,,bom-verify
D_ESD,USBLC6-2SC6,USBLC6-2SC6,C7519,SOT-23-6,SOT-23-6_L2.9-W1.6-P0.95-LS2.8-BL,,,fab_2026-08-16 BOM,,
D_LED,LED yellow 0603 Vf1.6-2.6V,NCD0603Y1,C84268,0805,LED0603-RD,,,fab_2026-08-16 BOM,,bom-verify
F1,PTC 0.5A hold / 1A trip / 13.2V 1206,SMD1206P050TF/13.2,C43379,1206,F1206,,,fab_2026-08-16 BOM,,bom-verify
FB1,600R@100MHz 0805,GZ2012D601TF,C1017,0805,L0805,,,fab_2026-08-16 BOM,,bom-verify
FB2,600R@100MHz 0805,GZ2012D601TF,C1017,0805,L0805,,,fab_2026-08-16 BOM,,bom-verify
FB3,600R@100MHz 0805,GZ2012D601TF,C1017,0805,L0805,,,fab_2026-08-16 BOM,,bom-verify
FB4,600R@100MHz 0805,GZ2012D601TF,C1017,0805,L0805,,,fab_2026-08-16 BOM,,bom-verify
FB5,600R@100MHz 0805,GZ2012D601TF,C1017,0805,L0805,,,fab_2026-08-16 BOM,,bom-verify
J1,USB-C_16P,TYPE-C 16PIN 2MD(073),C2765186,USB-C-SMD,USB-C-SMD_TYPE-C-6PIN-2MD-073,,,fab_2026-08-16 BOM,,
J2,Header_2x6,PZ254V-11-12P,C2840012,HDR-2.54-2x6,HDR-TH_12P-P2.54-V-M,,,fab_2026-08-16 BOM,,
LM2664,LM2664,LM2664M6X/NOPB,C108573,SOT-23-6,SOT-23-6_L2.9-W1.6-P0.95-LS2.8-BR,,,fab_2026-08-16 BOM,,
Q_EN,S8050,S8050 J3Y(RANGE:200-350),C2146,SOT-23-3,SOT-23-3_L3.0-W1.7-P0.95-LS2.9-BR,,,fab_2026-08-16 BOM,,
Q_IO0,S8050,S8050 J3Y(RANGE:200-350),C2146,SOT-23-3,SOT-23-3_L3.0-W1.7-P0.95-LS2.9-BR,,,fab_2026-08-16 BOM,,
R_BIAS_FB,1M,0805W8F1004T5E,C17514,0805,R0805,,,fab_2026-08-16 BOM,,
R_BIAS_SER,1M,0805W8F1004T5E,C17514,0805,R0805,,,fab_2026-08-16 BOM,,
R_CC1,5.1k,0603WAF5101T5E,C23186,0603,R0603,,,fab_2026-08-16 BOM,,
R_CC2,5.1k,0603WAF5101T5E,C23186,0603,R0603,,,fab_2026-08-16 BOM,,
R_CS_UP,10k,0603WAF1002T5E,C25804,0603,R0603,,,fab_2026-08-16 BOM,,
R_DRDY_UP,10k,0603WAF1002T5E,C25804,0603,R0603,,,fab_2026-08-16 BOM,,
R_EN_UP,10k,0603WAF1002T5E,C25804,0603,R0603,,,fab_2026-08-16 BOM,,
R_IN1N,10k,0402WGF1002TCE,C25744,0402,R0402,,,fab_2026-08-16 BOM,,
R_IN1P,10k,0402WGF1002TCE,C25744,0402,R0402,,,fab_2026-08-16 BOM,,
R_IN2N,10k,0402WGF1002TCE,C25744,0402,R0402,,,fab_2026-08-16 BOM,,
R_IN2P,10k,0402WGF1002TCE,C25744,0402,R0402,,,fab_2026-08-16 BOM,,
R_IN3N,10k,0402WGF1002TCE,C25744,0402,R0402,,,fab_2026-08-16 BOM,,
R_IN3P,10k,0402WGF1002TCE,C25744,0402,R0402,,,fab_2026-08-16 BOM,,
R_IN4N,10k,0402WGF1002TCE,C25744,0402,R0402,,,fab_2026-08-16 BOM,,
R_IN4P,10k,0402WGF1002TCE,C25744,0402,R0402,,,fab_2026-08-16 BOM,,
R_IN5N,10k,0402WGF1002TCE,C25744,0402,R0402,,,fab_2026-08-16 BOM,,
R_IN5P,10k,0402WGF1002TCE,C25744,0402,R0402,,,fab_2026-08-16 BOM,,
R_IN6N,10k,0402WGF1002TCE,C25744,0402,R0402,,,fab_2026-08-16 BOM,,
R_IN6P,10k,0402WGF1002TCE,C25744,0402,R0402,,,fab_2026-08-16 BOM,,
R_IN7N,10k,0402WGF1002TCE,C25744,0402,R0402,,,fab_2026-08-16 BOM,,
R_IN7P,10k,0402WGF1002TCE,C25744,0402,R0402,,,fab_2026-08-16 BOM,,
R_IN8N,10k,0402WGF1002TCE,C25744,0402,R0402,,,fab_2026-08-16 BOM,,
R_IN8P,10k,0402WGF1002TCE,C25744,0402,R0402,,,fab_2026-08-16 BOM,,
R_IO0_UP,10k,0603WAF1002T5E,C25804,0603,R0603,,,fab_2026-08-16 BOM,,
R_IO15_DN,10k,0603WAF1002T5E,C25804,0603,R0603,,,fab_2026-08-16 BOM,1,B4
R_IO2_DN,10k,0603WAF1002T5E,C25804,0603,R0603,,,fab_2026-08-16 BOM,,
R_LED,330R,0603WAF3300T5E,C23138,0603,R0603,,ECO-2#9,fab_2026-08-16 BOM,,B3
R_MISO,0R,0805W8F0000T5E,C17477,0805,R0805,,,fab_2026-08-16 BOM,,
R_MOSI,0R,0805W8F0000T5E,C17477,0805,R0805,,,fab_2026-08-16 BOM,,
R_PWDN_UP,10k,0603WAF1002T5E,C25804,0603,R0603,,,fab_2026-08-16 BOM,,
R_Q_EN_B,470k,0603WAF4703T5E,C23178,0603,R0603,,,fab_2026-08-16 BOM,,R29-6
R_Q_IO0_B,470k,0603WAF4703T5E,C23178,0603,R0603,,,fab_2026-08-16 BOM,,R29-6
R_RST_UP,10k,0603WAF1002T5E,C25804,0603,R0603,,,fab_2026-08-16 BOM,1,B1
R_SCLK,0R,0805W8F0000T5E,C17477,0805,R0805,,,fab_2026-08-16 BOM,,
R_SRB_SER,0R,0805W8F0000T5E,C17477,0805,R0805,,,fab_2026-08-16 BOM,,
R_START_DN,10k,0603WAF1002T5E,C25804,0603,R0603,,,fab_2026-08-16 BOM,,
TLV70025,TLV70025,TLV70025DDCR,C19619,SOT-353,SOT-23-5_L3.0-W1.7-P0.95-LS2.8-BR,,,fab_2026-08-16 BOM,,
TPS72325,TPS72325,TPS72325DBVR,C69932,SOT-23-5,SOT-23-5_L3.0-W1.7-P0.95-LS2.8-BR,,,fab_2026-08-16 BOM,,
U_ADS,ADS1299,ADS1299IPAGR,C476817,TQFP-64,TQFP-64_L10.0-W10.0-P0.50-LS12.0-TL,,,fab_2026-08-16 BOM,,
U_MCU,ESP32-WROOM-32UE-N4,ESP32-WROOM-32UE-N4,C701344,MODULE,WIFI-SMD_ESP32-WROOM-32E,,,fab_2026-08-16 BOM,,bom-verify
U_USB,CH340C,CH340C,C84681,SOP-16,SOP-16_L10.0-W3.9-P1.27-LS6.0-BL,,,fab_2026-08-16 BOM,,
